<?xml version="1.0" encoding="UTF-8"?>
<configuration scan="true">

    <appender name="consoleAppender" class="ch.qos.logback.core.ConsoleAppender">
        <encoder>
            <charset>UTF-8</charset>
            <Pattern>%d %-4relative [%thread] %-5level %logger{35} - %msg%n</Pattern>
        </encoder>
    </appender>

	<appender name="FILE" class="ch.qos.logback.core.FileAppender">
	    <file>${user.home}/bookinventory.log</file>
	    <encoder>
	        <pattern>%d{HH:mm:ss.SSS} [%thread] %-5level %logger - %msg%n</pattern>
	    </encoder>
	</appender>
   
    <logger name='com.ibm.customer.rest.CustomerController' level='INFO' />
    <root level="INFO">
        <appender-ref ref="consoleAppender" />
        <appender-ref ref="FILE"/>
    </root>

</configuration>